<?xml version="1.0" encoding="UTF-8"?>
<project-private xmlns="http://www.netbeans.org/ns/project-private/1">
    <editor-bookmarks xmlns="http://www.netbeans.org/ns/editor-bookmarks/2" lastBookmarkId="1">
        <file>
            <url>src/molkarin/AddNewEmployee.java</url>
            <bookmark id="1">
                <name/>
                <line>496</line>
                <key/>
            </bookmark>
        </file>
    </editor-bookmarks>
    <open-files xmlns="http://www.netbeans.org/ns/projectui-open-files/2">
        <group>
            <file>file:/C:/Users/Parakash/Documents/NetBeansProjects/Molkarin/src/molkarin/AdminLoginPage.java</file>
            <file>file:/C:/Users/Parakash/Documents/NetBeansProjects/Molkarin/src/molkarin/CustomerRegistrationPage.java</file>
            <file>file:/C:/Users/Parakash/Documents/NetBeansProjects/Molkarin/src/molkarin/HomePage.java</file>
            <file>file:/C:/Users/Parakash/Documents/NetBeansProjects/Molkarin/src/molkarin/AddNewEmployee.java</file>
            <file>file:/C:/Users/Parakash/Documents/NetBeansProjects/Molkarin/src/molkarin/EmployeePage.java</file>
        </group>
    </open-files>
</project-private>
